City_ID,City,Lat,Lng,Max Temp,Humidity,Cloudiness,Wind Speed,Country,Date
0,ciudad bolivar,8.1222,-63.5497,32.73,54,100,3.1,VE,1698421992
1,olyokminsk,60.3736,120.4264,2.6,89,100,2.33,RU,1698421992
2,karratha,-20.7377,116.8463,27.74,69,13,2.9,AU,1698421993
3,iskateley,67.6803,53.1512,-11.66,100,36,1.79,RU,1698421994
4,figuig (centre),32.1089,-1.2286,27.46,16,69,3.97,MA,1698421995
5,kiri buru,22.0833,85.35,19.31,57,0,0.71,IN,1698421995
6,albany,42.6001,-73.9662,23.78,59,16,1.34,US,1698421879
7,badger,64.8,-147.5333,-9.8,85,0,0.0,US,1698421996
8,sao jose da coroa grande,-8.8978,-35.1478,29.42,62,58,5.91,BR,1698421997
9,port-aux-francais,-49.35,70.2167,3.24,79,28,6.58,TF,1698421972
10,papatowai,-46.5619,169.4708,6.9,77,94,7.48,NZ,1698421998
11,tacna,-18.0056,-70.2483,21.11,53,0,2.57,PE,1698421999
12,acarau,-2.8856,-40.12,31.55,53,67,9.01,BR,1698421999
13,puerto natales,-51.7236,-72.4875,8.25,76,100,2.06,CL,1698422000
14,hugo,45.16,-92.9933,3.32,90,100,7.72,US,1698422000
15,punta arenas,-53.15,-70.9167,8.06,76,100,8.23,CL,1698422001
16,keflavik,64.0049,-22.5624,8.95,71,0,3.6,IS,1698422002
17,soledad de doblado,19.05,-96.4167,28.91,66,34,1.58,MX,1698422003
18,blackmans bay,-43.0167,147.3167,6.96,89,72,3.44,AU,1698422003
19,lamesa,32.7376,-101.951,11.4,72,99,7.67,US,1698422004
20,whakatane,-37.9585,176.9854,10.28,81,100,1.34,NZ,1698422004
21,wailua homesteads,22.0669,-159.378,21.24,73,0,3.6,US,1698422005
22,grytviken,-54.2811,-36.5092,1.35,76,79,4.96,GS,1698421967
23,klyuchi,52.2667,79.1667,-1.35,48,8,3.13,RU,1698422006
24,bykovo,55.6361,38.0803,-0.77,96,100,6.0,RU,1698421807
25,kapa'a,22.0752,-159.319,21.99,73,0,3.6,US,1698421909
26,hamilton,39.1834,-84.5333,18.75,94,100,3.6,US,1698421597
27,tiksi,71.6872,128.8694,-15.87,99,99,2.45,RU,1698422009
28,queenstown,-31.8976,26.8753,18.78,58,78,5.07,ZA,1698422010
29,chonchi,-42.6128,-73.8092,11.73,80,85,6.25,CL,1698422011
30,arkhangel'sk,64.5401,40.5433,-1.04,83,100,2.54,RU,1698421948
31,utrik,11.2278,169.8474,27.74,78,44,4.28,MH,1698422012
32,edinburgh of the seven seas,-37.0676,-12.3116,13.97,83,100,13.5,SH,1698422012
33,felege neway,6.3,36.8833,19.51,91,97,1.28,ET,1698422013
34,nuuk,64.1835,-51.7216,-0.66,80,40,1.03,GL,1698422014
35,arraial do cabo,-22.9661,-42.0278,24.98,73,75,6.17,BR,1698422015
36,lebu,-37.6167,-73.65,12.91,82,99,6.59,CL,1698422015
37,susuman,62.7833,148.1667,-17.79,90,100,0.89,RU,1698422016
38,taoudenni,22.6783,-3.9836,38.86,10,0,3.09,ML,1698422016
39,ponta delgada,37.7333,-25.6667,21.22,99,94,3.13,PT,1698422017
40,west island,-12.1568,96.8225,25.99,78,40,6.17,CC,1698422017
41,ciudad lazaro cardenas,17.9583,-102.2,27.5,77,94,0.38,MX,1698422018
42,ushuaia,-54.8,-68.3,5.81,81,100,7.2,AR,1698421920
43,isafjordur,66.0755,-23.124,4.02,81,0,1.03,IS,1698422019
44,vilhena,-12.7406,-60.1458,29.12,65,75,6.17,BR,1698422019
45,bandarbeyla,9.4942,50.8122,27.14,82,100,6.41,SO,1698422020
46,weno,7.4515,151.8468,26.97,94,100,4.12,FM,1698422020
47,mayya,61.7333,130.2811,-16.38,92,98,2.76,RU,1698422021
48,palikir - national government center,6.9248,158.1611,22.41,94,75,2.06,FM,1698422021
49,afaahiti,-17.75,-149.2833,21.93,93,100,5.4,PF,1698422022
50,cabo san lucas,22.8909,-109.9124,26.95,52,1,0.89,MX,1698421706
51,ilulissat,69.2167,-51.1,-4.99,63,75,1.03,GL,1698422023
52,bredasdorp,-34.5322,20.0403,15.0,69,99,3.87,ZA,1698421975
53,taungoo,18.9333,96.4333,24.03,95,99,0.78,MM,1698422024
54,peace river,56.2501,-117.286,-5.83,79,75,1.03,CA,1698422025
55,tahe,52.3333,124.7333,-1.79,60,5,1.46,CN,1698422026
56,puerto ayora,-0.7393,-90.3518,26.98,86,91,4.92,EC,1698422026
57,margaret river,-33.95,115.0667,9.0,78,2,3.82,AU,1698422026
58,fale old settlement,-9.3852,-171.2468,28.17,78,100,3.92,TK,1698422027
59,namtsy,62.7161,129.6658,-10.49,95,99,2.99,RU,1698422027
60,bathsheba,13.2167,-59.5167,30.34,79,40,8.23,BB,1698422028
61,bush,29.1482,31.1273,29.08,35,76,3.32,EG,1698422028
62,nar'yan-mar,67.6713,53.087,-11.61,100,36,1.79,RU,1698422029
63,stanley,54.868,-1.6985,10.95,93,20,3.6,GB,1698422030
64,talnakh,69.4865,88.3972,-15.44,86,85,1.35,RU,1698421976
65,adamstown,-25.066,-130.1015,22.23,81,86,2.21,PN,1698422031
66,santiago de cao,-7.9589,-79.2392,21.07,73,20,4.12,PE,1698422032
67,nantucket,41.2835,-70.0995,21.16,89,0,5.14,US,1698421944
68,portland,45.5234,-122.6762,5.81,94,100,1.54,US,1698422020
69,invercargill,-46.4,168.35,7.23,86,100,6.26,NZ,1698421660
70,limon,10.0,-83.0333,28.36,89,75,1.54,CR,1698422034
71,waitangi,-43.9535,-176.5597,7.12,73,100,4.02,NZ,1698422035
72,khandyga,62.6667,135.6,-15.07,100,99,0.87,RU,1698421785
73,ibotirama,-12.1853,-43.2206,41.41,17,39,1.65,BR,1698422037
74,santa maria del oro,25.9333,-105.3667,21.42,26,0,0.57,MX,1698422037
75,san antonio de pale,-1.4014,5.6325,26.09,81,80,5.28,GQ,1698422038
76,praia da vitoria,38.7333,-27.0667,23.14,56,75,6.49,PT,1698422038
77,mil'kovo,55.6078,37.7956,-0.73,97,100,4.89,RU,1698422039
78,colonia,50.9333,6.95,14.36,82,75,3.09,DE,1698421928
79,port alfred,-33.5906,26.891,18.43,85,100,3.13,ZA,1698422040
80,cidreira,-30.1811,-50.2056,20.6,70,1,8.13,BR,1698422040
81,kristinestad,62.2743,21.376,-2.17,81,7,3.58,FI,1698422041
82,howrah,22.5892,88.3103,27.0,78,20,2.06,IN,1698422042
83,cockburn town,21.4612,-71.1419,27.62,67,1,7.39,TC,1698422043
84,dubbo,-32.25,148.6167,9.07,81,2,4.63,AU,1698422040
85,labrador city,52.9463,-66.9114,-1.05,69,100,2.57,CA,1698422044
86,visakhapatnam,17.69,83.2093,25.94,78,40,1.03,IN,1698422044
87,hawaiian paradise park,19.5933,-154.9731,21.69,90,20,2.06,US,1698422045
88,quelimane,-17.8786,36.8883,26.97,83,40,7.2,MZ,1698422045
89,yellowknife,62.456,-114.3525,-6.44,99,75,3.09,CA,1698421971
90,san lorenzo de esmeraldas,1.2883,-78.8369,27.44,77,94,1.34,EC,1698422046
91,uturoa,-16.7333,-151.4333,23.07,85,100,9.86,PF,1698422047
92,landeck,47.1301,10.5636,13.41,87,69,0.79,AT,1698422047
93,aasiaat,68.7098,-52.8699,-8.86,82,100,1.42,GL,1698422048
94,tura,25.5198,90.2201,19.47,80,0,1.31,IN,1698421864
95,yuzhno-kurilsk,44.0306,145.8556,11.32,87,99,2.91,RU,1698422049
96,ribeira grande,38.5167,-28.7,20.22,68,75,8.23,PT,1698421972
97,daru,-9.0763,143.2092,25.84,82,98,5.01,PG,1698422051
98,corner brook,48.9667,-57.9484,7.09,70,98,1.58,CA,1698421869
99,anadyr,64.75,177.4833,-0.72,100,100,4.0,RU,1698422052
100,fortuna,40.5982,-124.1573,5.75,100,0,4.12,US,1698422052
101,iqaluit,63.7506,-68.5145,-3.15,63,75,4.12,CA,1698422048
102,mossel bay,-34.1831,22.146,15.96,82,100,6.7,ZA,1698422054
103,qurayyat,31.3318,37.3428,30.1,23,40,9.26,SA,1698422055
104,georgetown,5.4112,100.3354,27.96,89,20,2.06,MY,1698421991
105,kodiak,57.79,-152.4072,7.73,87,100,3.6,US,1698422056
106,thompson,55.7435,-97.8558,-3.91,80,75,2.06,CA,1698422057
107,beberibe,-4.1797,-38.1306,30.92,54,93,5.26,BR,1698421959
108,fortaleza,-3.7227,-38.5247,31.07,64,20,8.23,BR,1698422051
109,kansk,56.2017,95.7175,-1.29,43,47,8.34,RU,1698422059
110,porto novo,6.4965,2.6036,30.9,69,36,4.42,BJ,1698422060
111,ankazoabo,-22.2833,44.5167,27.36,36,9,3.85,MG,1698422061
112,oamaru,-45.0784,170.9801,4.1,73,5,4.04,NZ,1698422061
113,hithadhoo,-0.6,73.0833,27.33,82,79,7.26,MV,1698422062
114,whitehorse,60.7161,-135.0538,-10.66,85,40,1.03,CA,1698422062
115,petropavlovsk-kamchatsky,53.0452,158.6483,3.03,59,75,4.0,RU,1698422063
116,college,64.8569,-147.8028,-9.75,83,40,0.0,US,1698422063
117,naze,28.3667,129.4833,19.51,60,53,5.42,JP,1698422064
118,vorgashor,67.5833,63.95,-8.12,95,100,3.9,RU,1698421965
119,puerto baquerizo moreno,-0.9,-89.6,26.55,74,75,6.17,EC,1698422065
120,bethel,41.3712,-73.414,20.78,62,0,2.57,US,1698422065
121,eynesil,41.0645,39.1438,21.14,62,80,3.68,TR,1698422065
122,coahuayana de hidalgo,18.7,-103.6583,28.15,71,97,0.49,MX,1698422066
123,olonkinbyen,70.9221,-8.7187,-1.18,70,9,1.61,SJ,1698422067
124,avarua,-21.2078,-159.775,21.03,68,18,4.12,CK,1698422067
125,hasaki,35.7333,140.8333,14.05,60,2,2.63,JP,1698421967
126,st. john's,47.5649,-52.7093,10.08,75,75,4.47,CA,1698422068
127,kathu,7.9178,98.3332,30.94,70,48,2.37,TH,1698421829
128,axim,4.8699,-2.2405,27.6,76,49,3.61,GH,1698422069
129,mwanza,-2.5167,32.9,26.03,65,40,5.14,TZ,1698422070
130,walvis bay,-22.9575,14.5053,20.53,64,75,5.14,NA,1698422070
131,molina,-35.1167,-71.2833,15.21,60,100,2.57,CL,1698422071
132,qaqortoq,60.7167,-46.0333,0.56,50,100,1.4,GL,1698422072
133,tambura,5.6,27.4667,21.09,94,100,2.31,SS,1698422072
134,laguna,38.421,-121.4238,13.94,86,0,0.0,US,1698422073
135,norrtalje,59.758,18.705,3.34,91,100,2.47,SE,1698422074
136,korkuteli,37.065,30.1957,18.03,57,42,1.6,TR,1698422074
137,kristiansund,63.1115,7.732,3.03,60,0,4.12,NO,1698422075
138,phan rang-thap cham,11.5667,108.9833,24.91,89,20,1.82,VN,1698422076
139,jayapura,-2.5333,140.7,25.66,88,100,2.09,ID,1698422076
140,mana,5.6592,-53.7767,31.28,62,12,5.29,GF,1698422077
141,vadso,70.0744,29.7487,-0.91,86,100,2.06,NO,1698422078
142,carnarvon,-24.8667,113.6333,20.78,71,49,10.38,AU,1698422078
143,longyearbyen,78.2186,15.6401,-4.09,86,75,2.06,SJ,1698422079
144,dudinka,69.4058,86.1778,-12.96,99,77,1.34,RU,1698422080
145,bilibino,68.0546,166.4372,-21.18,98,11,1.6,RU,1698422080
146,arias,-33.6441,-62.4027,27.19,43,99,3.76,AR,1698422081
147,veraval,20.9,70.3667,27.68,65,6,1.91,IN,1698422082
148,chegutu,-18.1302,30.1407,30.44,16,1,2.54,ZW,1698422082
149,alice springs,-23.7,133.8833,8.75,15,56,0.0,AU,1698421888
150,happy valley-goose bay,53.3168,-60.3315,2.17,64,75,2.57,CA,1698422084
151,vengerovo,55.6848,76.7471,-4.1,64,7,5.19,RU,1698422084
152,saint-pierre,-21.3393,55.4781,24.82,78,0,2.57,RE,1698422085
153,myeik,12.4333,98.6,26.23,85,89,0.59,MM,1698422085
154,inari,68.906,27.0288,-2.89,97,100,0.5,FI,1698422086
155,kudahuvadhoo,2.6708,72.8944,27.74,79,99,5.87,MV,1698421799
156,muroto-misakicho,33.2833,134.15,18.53,62,0,3.41,JP,1698422087
157,brisas de zicatela,15.8369,-97.0419,28.61,67,100,0.96,MX,1698422087
158,al jawf,29.5,38.75,28.54,28,86,5.06,SA,1698422088
159,val-d'or,48.1002,-77.7828,8.05,100,100,0.0,CA,1698422088
160,ust-nera,64.5667,143.2,-12.48,96,100,1.16,RU,1698421970
161,san jeronimo,-11.9472,-75.2829,18.28,45,65,0.5,PE,1698422089
162,the pas,53.8251,-101.2541,-2.99,80,100,3.09,CA,1698422090
163,kerikeri,-35.2268,173.9474,9.39,88,100,1.88,NZ,1698422090
164,remire-montjoly,4.9167,-52.2667,32.02,62,75,4.63,GF,1698422091
165,sao vicente,-23.9631,-46.3919,32.37,66,100,3.09,BR,1698422091
166,kidal,18.4411,1.4078,36.43,9,4,5.23,ML,1698422092
167,serra talhada,-7.9919,-38.2983,37.42,20,50,3.95,BR,1698422092
168,bochum,51.4833,7.2167,12.46,90,100,0.45,DE,1698422094
169,sinabang,2.4803,96.3801,25.64,87,91,1.91,ID,1698422094
170,mahajanga,-15.7167,46.3167,27.32,77,0,6.03,MG,1698422094
171,siparia,10.1333,-61.5,26.19,79,98,5.56,TT,1698422095
172,alofi,-19.0595,-169.9187,21.94,73,76,5.14,NU,1698422095
173,illapel,-31.6308,-71.1653,19.26,50,11,4.62,CL,1698422096
174,madinat ash shamal,26.1293,51.2009,28.32,51,0,6.6,QA,1698422096
175,callao,-12.0667,-77.15,23.18,78,100,2.57,PE,1698422097
176,luderitz,-26.6481,15.1594,19.86,61,46,12.66,NA,1698422097
177,rifle,39.5347,-107.7831,8.39,77,100,0.0,US,1698422098
178,pacific grove,36.6177,-121.9166,12.46,81,0,4.47,US,1698422098
179,codrington,-38.2667,141.9667,9.26,53,96,4.39,AU,1698422099
180,coquimbo,-29.9533,-71.3436,15.85,67,75,4.63,CL,1698422100
181,northam,51.0333,-4.2167,14.03,85,57,6.01,GB,1698422100
182,marsa alam,25.0757,34.8918,28.49,66,63,2.2,EG,1698421865
183,bratsk,56.1325,101.6142,1.27,43,100,5.11,RU,1698422102
184,sur,22.5667,59.5289,28.22,64,4,1.18,OM,1698422102
185,nowy dwor gdanski,54.2131,19.1177,10.08,83,100,2.59,PL,1698422103
186,sampit,-2.5333,112.95,25.85,87,91,1.85,ID,1698422104
187,uliastay,47.7417,96.8444,3.92,37,62,2.07,MN,1698422105
188,arkalyk,50.2486,66.9114,0.39,48,100,3.59,KZ,1698422106
189,lusambo,-4.9667,23.45,26.42,67,48,0.52,CD,1698422106
190,east london,-33.0153,27.9116,19.52,68,0,8.23,ZA,1698422107
191,santa cruz de bezana,43.4437,-3.9032,19.17,62,40,4.63,ES,1698422107
192,nogales,31.3086,-110.9422,18.47,62,0,0.0,MX,1698422108
193,puerto deseado,-47.7503,-65.8938,16.41,35,100,21.48,AR,1698422109
194,port elizabeth,-33.918,25.5701,19.16,86,75,10.29,ZA,1698422109
195,mount gambier,-37.8333,140.7667,8.89,45,48,3.87,AU,1698422110
196,maracaibo,10.6317,-71.6406,30.0,66,61,1.84,VE,1698422110
197,general villegas,-35.0328,-63.0125,27.8,34,37,3.14,AR,1698422111
198,hailun,47.45,126.9333,1.38,36,0,0.12,CN,1698422111
199,westport,41.1415,-73.3579,20.86,70,100,1.34,US,1698422030
200,chinde,26.8418,88.0763,13.27,81,5,2.18,NP,1698422113
201,kayenta,36.7278,-110.2546,12.0,57,0,3.29,US,1698422114
202,chu,43.5983,73.7614,10.38,52,100,3.25,KZ,1698422115
203,atafu village,-8.5421,-172.5159,28.22,78,100,5.03,TK,1698422115
204,manokwari,-0.8667,134.0833,25.65,82,98,1.41,ID,1698422116
205,castellaneta,40.6272,16.9369,22.68,74,100,2.24,IT,1698422116
206,enewetak,11.3474,162.3373,28.44,73,64,3.42,MH,1698422117
207,conde,-7.2597,-34.9075,29.7,62,75,5.14,BR,1698422101
208,sechura,-5.5569,-80.8222,24.48,63,99,3.2,PE,1698422118
209,vilyuchinsk,52.9306,158.4028,3.85,78,87,2.01,RU,1698422119
210,new norfolk,-42.7826,147.0587,7.62,98,75,1.31,AU,1698422119
211,benghazi,32.1167,20.0667,23.86,69,18,2.42,LY,1698422044
212,kamaishi,39.2667,141.8833,13.47,75,75,2.16,JP,1698422120
213,port mathurin,-19.6833,63.4167,24.89,77,78,4.03,MU,1698421978
214,baki,-7.6128,110.7839,25.84,74,65,2.88,ID,1698422122
215,paracuru,-3.41,-39.0306,28.39,53,84,6.52,BR,1698421973
216,inirida,3.8653,-67.9239,34.11,52,100,0.72,CO,1698422126
217,hermanus,-34.4187,19.2345,15.5,70,100,3.79,ZA,1698421973
218,danjiangkou,32.5428,111.5086,17.59,61,34,1.51,CN,1698422127
219,ishigaki,24.3448,124.1572,23.07,83,100,2.57,JP,1698422128
220,nsunga,-1.1439,31.3947,22.89,54,33,1.73,TZ,1698422129
221,yujing,23.1249,120.4614,23.68,83,26,1.02,TW,1698422129
222,gamba,-2.65,10.0,24.87,86,100,1.5,GA,1698422129
223,san jose,37.3394,-121.895,12.62,62,20,2.57,US,1698421953
224,isangel,-19.55,169.2667,23.95,93,88,3.54,VU,1698422131
225,gizo,-8.103,156.8419,26.98,77,100,3.42,SB,1698422131
226,new kingman-butler,35.265,-114.0323,17.88,56,0,2.57,US,1698422132
227,zell im wiesental,47.7056,7.8525,13.33,78,29,2.99,DE,1698422132
228,port lincoln,-34.7333,135.8667,17.5,37,100,4.57,AU,1698422133
229,likiep,9.8251,169.3107,28.22,75,36,3.59,MH,1698422133
230,akureyri,65.6835,-18.0878,-0.04,93,75,1.03,IS,1698422134
231,constantia,44.1833,28.65,23.38,62,100,5.26,RO,1698422135
232,akrehamn,59.2667,5.1833,7.45,70,75,1.54,NO,1698422135
233,broome,42.2506,-75.833,24.14,63,0,3.6,US,1698422136
234,kambove,-10.8764,26.5969,20.26,68,95,3.42,CD,1698422136
235,aflou,34.1128,2.1023,20.29,31,71,6.27,DZ,1698422137
236,amga,60.8953,131.9608,-14.77,99,90,1.09,RU,1698421965
237,subusub,16.227,120.4947,24.17,91,75,1.77,PH,1698422138
238,constitucion,-35.3333,-72.4167,13.85,71,79,3.27,CL,1698422138
239,charters towers,-20.1,146.2667,18.94,94,4,4.07,AU,1698422139
240,tlaltenango de sanchez roman,21.7833,-103.3167,23.23,56,56,1.8,MX,1698422139
241,kenora,49.8167,-94.4337,-1.46,93,100,4.12,CA,1698422140
242,minas de marcona,-15.2119,-75.1103,18.98,65,77,3.93,PE,1698422140
243,al jubayl,27.0112,49.6583,27.51,50,0,5.13,SA,1698422141
244,nemuro,43.3236,145.575,11.17,79,100,2.21,JP,1698422141
245,boac,13.4463,121.84,27.15,82,10,3.93,PH,1698422142
246,ayapel,8.3137,-75.1398,25.9,88,98,2.2,CO,1698422142
247,huron,41.1501,-82.5499,22.97,66,18,8.08,US,1698422143
248,kayangel,8.0823,134.7173,28.21,72,100,2.09,PW,1698422144
249,mumford,5.2618,-0.759,27.43,77,18,4.17,GH,1698422144
250,challapata,-18.9,-66.7667,16.21,24,94,6.1,BO,1698422144
251,mariehamn,60.0973,19.9348,3.23,87,75,2.06,AX,1698422145
252,newman,37.3138,-121.0208,9.46,66,45,0.89,US,1698422145
253,neusiedl am see,47.9357,16.8325,14.95,70,96,7.68,AT,1698422146
254,morondava,-20.2833,44.2833,26.41,69,1,8.05,MG,1698422147
255,udachny,66.4167,112.4,-8.64,92,100,9.76,RU,1698422148
256,dunedin,-45.8742,170.5036,7.67,65,51,6.26,NZ,1698422014
257,santa ana,33.7456,-117.8678,18.22,85,75,2.57,US,1698421925
258,segezha,63.7415,34.3222,-1.73,70,84,3.72,RU,1698422149
259,korsakov,46.6328,142.7813,1.91,69,46,3.13,RU,1698422150
260,bandar lampung,-5.4254,105.258,24.14,92,8,1.39,ID,1698422151
261,howard springs,-12.497,131.047,29.9,82,21,2.09,AU,1698422151
262,piti village,13.4626,144.6933,28.03,94,20,0.0,GU,1698422152
263,winnemucca,40.973,-117.7357,-7.97,79,0,2.06,US,1698422152
264,saint-joseph,-21.3667,55.6167,24.21,84,69,0.39,RE,1698422153
265,bahia de caraquez,-0.6,-80.4167,27.1,72,95,3.0,EC,1698422153
266,maun,-19.9833,23.4167,35.98,16,40,9.26,BW,1698422154
267,santana,-0.0583,-51.1817,34.1,55,40,3.6,BR,1698422154
268,at taj,24.2049,23.2857,26.27,22,1,1.95,LY,1698422155
269,ulanhot,46.0833,122.0833,4.11,33,1,0.7,CN,1698422155
270,lincheng,19.9078,109.6858,24.82,92,81,3.67,CN,1698422156
271,kyshtovka,56.555,76.6271,-2.59,79,12,7.15,RU,1698422156
272,beyla,8.6833,-8.6333,27.23,65,51,2.28,GN,1698422157
273,aleksandrovsk-sakhalinskiy,50.8975,142.1561,0.87,72,9,1.31,RU,1698422158
274,dali,25.7,100.1833,12.06,73,0,1.85,CN,1698422158
275,aral,40.5156,81.2636,16.07,20,100,2.8,CN,1698422159
276,robore,-18.3333,-59.75,33.05,58,20,7.72,BO,1698422159
277,jamestown,42.097,-79.2353,21.77,64,20,5.66,US,1698421949
278,lerwick,60.1545,-1.1494,8.0,71,100,3.77,GB,1698422160
279,bodaybo,57.8506,114.1933,1.34,76,100,0.89,RU,1698422161
280,tsiombe,-25.3,45.4833,21.72,71,2,5.29,MG,1698422162
281,manggar,-2.8833,108.2667,27.61,74,87,3.55,ID,1698422163
282,vernon,50.2581,-119.2691,-1.33,65,14,1.03,CA,1698422164
283,mata-utu,-13.2816,-176.1745,27.01,78,85,7.88,WF,1698422164
284,bontang,0.1333,117.5,27.13,78,39,1.25,ID,1698422165
285,tazovsky,67.4667,78.7,-14.36,92,87,7.2,RU,1698422165
286,protaras,35.0125,34.0583,26.66,85,2,1.66,CY,1698422166
287,tinogasta,-28.0632,-67.5649,26.94,22,0,3.48,AR,1698422166
288,bhayavadar,21.85,70.25,27.43,42,68,1.83,IN,1698422167
289,tolanaro,-25.0319,46.9987,24.04,73,40,8.23,MG,1698422168
290,morehead city,34.7229,-76.726,25.57,76,0,1.79,US,1698422000
291,sainte-anne-des-monts,49.124,-66.4924,7.93,93,100,4.12,CA,1698422169
292,rundu,-17.9333,19.7667,35.54,15,77,2.16,NA,1698422109
293,saldanha,-33.0117,17.9442,19.03,69,23,9.91,ZA,1698422171
294,bogalusa,30.791,-89.8487,27.66,78,0,1.54,US,1698422173
295,rexburg,43.826,-111.7897,-0.81,76,75,0.0,US,1698422173
296,choyr,46.3611,108.3611,5.03,32,88,1.83,MN,1698422174
297,feodosiya,45.0333,35.3833,17.2,89,100,5.34,UA,1698422175
298,kasane,-17.8167,25.15,35.12,12,5,4.21,BW,1698422175
299,kyabe,9.4515,18.9449,27.31,66,59,2.15,TD,1698422175
300,sitka,57.0531,-135.33,1.94,69,40,2.06,US,1698422176
301,al burayqah,30.4062,19.5739,23.97,67,0,3.17,LY,1698422177
302,sabang,5.8933,95.3214,28.04,76,88,4.84,ID,1698422178
303,el sauzal de rodriguez,31.9,-116.6833,16.9,81,52,1.35,MX,1698422178
304,castillos,-34.1667,-53.8333,21.32,42,33,2.88,UY,1698422178
305,lihue,21.9789,-159.3672,21.58,73,0,3.6,US,1698422179
306,guatajiagua,13.6667,-88.2,26.96,67,62,0.13,SV,1698422179
307,kaohsiung,22.6163,120.3133,26.97,78,75,4.12,TW,1698422180
308,borovskoy,53.8,64.15,-2.17,61,100,2.59,KZ,1698422181
309,haiku-pauwela,20.9219,-156.3051,23.91,83,0,0.0,US,1698421899
310,rio grande,-32.035,-52.0986,24.06,62,0,5.48,BR,1698422061
311,bereznik,62.8551,42.7072,-3.4,80,79,2.64,RU,1698422182
312,tlahualilo de zaragoza,26.1167,-103.45,25.36,54,1,1.53,MX,1698422183
313,ad dabbah,18.05,30.95,35.29,15,6,3.41,SD,1698422183
314,severo-yeniseyskiy,60.3725,93.0408,-5.79,76,100,8.05,RU,1698422184
315,bonthe,7.5264,-12.505,28.85,70,39,3.56,SL,1698422184
316,khorixas,-20.3667,14.9667,28.23,25,70,7.93,NA,1698422185
317,mantua,45.1667,10.7833,20.61,79,3,0.89,IT,1698422185
318,woolgoolga,-30.1106,153.2007,12.93,74,95,7.13,AU,1698422186
319,al kharijah,25.4514,30.5464,30.69,27,97,4.84,EG,1698422186
320,esperanza,19.5847,-70.9849,27.32,83,34,1.34,DO,1698422187
321,mugia,43.1041,-9.2179,17.73,76,100,11.31,ES,1698422188
322,rawson,-43.3002,-65.1023,19.16,26,0,11.32,AR,1698422188
323,sao caetano de odivelas,-0.75,-48.02,32.94,50,8,6.68,BR,1698422189
324,ewo,-0.8725,14.8206,24.93,84,97,2.32,CG,1698422190
325,rio branco,-9.9747,-67.81,34.34,52,75,4.12,BR,1698421925
326,gjovik,60.7947,10.6929,-0.32,65,99,0.62,NO,1698422191
327,yung shue wan,22.2333,114.1167,26.68,81,17,1.34,HK,1698422191
328,san gil,6.5557,-73.1331,20.17,94,100,0.31,CO,1698422192
329,talagang,32.9297,72.4158,24.31,34,18,1.53,PK,1698422192
330,lautoka,-17.6167,177.4667,24.92,69,75,3.6,FJ,1698422193
331,richards bay,-28.783,32.0377,22.34,86,19,6.18,ZA,1698422056
332,ola,59.5833,151.2833,-1.71,71,100,3.87,RU,1698422194
333,jinchang,38.4953,102.1739,11.59,25,0,1.89,CN,1698422195
334,lompoc,34.6391,-120.4579,17.1,83,20,7.6,US,1698422196
335,jambi city,-1.6,103.6167,24.74,79,93,1.49,ID,1698422196
336,shimoda,34.6667,138.95,16.72,65,14,4.26,JP,1698422197
337,yulinshi,38.2906,109.7494,13.16,41,1,2.68,CN,1698422198
338,toktogul,41.8708,72.9402,11.98,77,95,0.39,KG,1698422198
339,donja mahala,45.0469,18.6664,15.72,78,83,4.12,BA,1698422199
340,fort wellington,6.4,-57.6,31.39,60,98,4.92,GY,1698422199
341,taltal,-25.4,-70.4833,16.57,70,12,3.13,CL,1698422200
342,copiapo,-27.3667,-70.3333,15.83,43,36,1.24,CL,1698422200
343,daxing,39.7214,116.3292,7.98,33,0,0.4,CN,1698422201
344,la ronge,55.1001,-105.2842,-4.86,86,75,2.06,CA,1698421979
345,panauti,27.5814,85.5124,16.18,82,20,1.54,NP,1698422202
346,tukrah,32.5341,20.5791,23.28,73,24,2.44,LY,1698422203
347,torghay,49.6339,63.4981,2.82,48,100,4.03,KZ,1698422203
348,salavan,15.7167,106.4167,22.91,97,99,0.9,LA,1698422204
349,emerald,-23.5333,148.1667,15.75,33,0,7.97,AU,1698422085
350,kununurra,-15.7667,128.7333,20.99,49,76,0.0,AU,1698422205
351,wafangdian,39.6183,122.0081,9.88,78,0,0.84,CN,1698422205
352,jabat,7.75,168.9751,28.37,73,71,2.78,MH,1698422205
353,tuy hoa,13.0833,109.3,25.21,92,58,1.58,VN,1698422206
354,yaren,-0.5472,166.916,28.02,69,97,1.76,NR,1698422207
355,fyodorovka,53.6314,62.7078,-2.0,63,100,2.71,KZ,1698422207
356,iwanai,42.9744,140.5089,10.03,96,79,1.81,JP,1698422208
357,lazaro cardenas,17.9583,-102.2,27.5,77,94,0.38,MX,1698422208
358,al bawiti,28.3492,28.8659,27.15,26,0,4.23,EG,1698422208
359,ushtobe,45.2514,77.9838,8.11,51,100,3.12,KZ,1698422209
360,margate,51.3813,1.3862,13.83,78,57,1.79,GB,1698422143
361,palpa,-14.5336,-75.1856,26.63,46,30,3.53,PE,1698422210
362,kichmengskiy gorodok,59.9816,45.7854,-3.92,84,98,1.34,RU,1698422210
363,prince rupert,54.3161,-130.3201,4.83,77,20,3.6,CA,1698422111
364,wenling,28.3669,121.36,19.71,87,100,3.19,CN,1698422211
365,ulan bator,47.9077,106.8832,-4.93,63,0,1.0,MN,1698422212
366,roccella ionica,38.322,16.4009,22.91,68,80,2.87,IT,1698422212
367,beau vallon,-20.4189,57.6953,25.12,100,75,2.06,MU,1698422213
368,guerrero negro,27.9769,-114.0611,19.45,68,28,5.07,MX,1698422148
369,dryden,49.7833,-92.7503,-1.84,93,100,4.12,CA,1698422214
370,corte,42.25,9.25,21.96,68,66,4.31,FR,1698422215
371,kuta,-8.7233,115.1723,25.97,100,75,2.24,ID,1698422215
372,kita,13.0349,-9.4895,37.31,15,89,1.35,ML,1698422216
373,quellon,-43.1167,-73.6167,11.9,73,70,10.04,CL,1698422216
374,tanjungagung,-3.9333,103.8,24.78,64,23,1.72,ID,1698422217
375,cuajinicuilapa,16.4667,-98.4167,28.9,69,97,1.69,MX,1698422218
376,basco,20.4487,121.9702,27.38,71,16,5.75,PH,1698422218
377,alto araguaia,-17.3147,-53.2153,26.87,63,84,3.29,BR,1698422219
378,beaufort west,-32.3567,22.583,23.52,30,62,5.51,ZA,1698422220
379,revelstoke,50.9832,-118.2023,-0.99,59,40,5.66,CA,1698422221
380,bernardo de irigoyen,-26.2552,-53.6458,20.83,92,99,3.18,AR,1698422221
381,nurota,40.5614,65.6886,19.12,46,100,2.2,UZ,1698422222
382,alaghsas,17.0187,8.0168,35.94,9,0,4.63,NE,1698422223
383,puerto santander,8.3636,-72.4063,30.67,84,100,1.14,CO,1698422223
384,zherdevka,51.8486,41.4606,1.06,100,100,4.21,RU,1698422224
385,hong kong,22.2855,114.1577,27.03,81,17,4.92,HK,1698422101
386,fort st. john,56.2499,-120.8529,-11.06,92,20,4.63,CA,1698422225
387,gilgit,35.9221,74.3087,14.79,43,16,0.94,PK,1698422226
388,peniche,39.3558,-9.3811,19.49,86,99,7.4,PT,1698422226
389,siem reap,13.5,104.0,25.76,84,82,0.57,KH,1698422228
390,kone,-21.0595,164.8658,22.8,91,92,1.65,NC,1698422229
391,haifa,32.8156,34.9892,30.16,69,0,1.03,IL,1698422078
392,timaru,-44.4,171.25,3.37,54,0,1.34,NZ,1698422230
393,cruzeiro do sul,-29.5128,-51.9853,28.07,63,44,1.97,BR,1698422018
394,la foa,-21.7108,165.8276,22.42,96,88,3.08,NC,1698422231
395,mahendranagar,28.9167,80.3333,20.23,58,0,2.65,NP,1698422232
396,eyl,7.9803,49.8164,27.42,71,42,7.11,SO,1698422233
397,usogorsk,63.4106,48.6872,-3.52,83,100,0.86,RU,1698422234
398,la'ie,21.6477,-157.9253,23.57,88,76,1.76,US,1698422234
399,mount pleasant,32.7941,-79.8626,27.78,70,0,0.89,US,1698422078
400,ceeldheer,3.8488,47.1806,28.27,71,90,4.71,SO,1698422236
401,urbano santos,-3.2078,-43.4036,39.6,22,10,2.72,BR,1698422238
402,banda aceh,5.5577,95.3222,26.71,81,100,2.53,ID,1698422194
403,hunsur,12.3075,76.2878,23.73,66,99,1.85,IN,1698422239
404,paita,-5.0892,-81.1144,22.69,72,94,4.53,PE,1698422239
405,pyay,18.8167,95.2167,24.21,94,100,1.06,MM,1698422240
406,hobyo,5.3505,48.5268,28.37,72,98,4.46,SO,1698422241
407,pemangkat,1.1667,108.9667,25.88,85,97,1.82,ID,1698422242
408,umba,66.6871,34.3429,-0.7,73,100,3.16,RU,1698422243
409,puerto colombia,10.9878,-74.9547,25.05,86,100,6.83,CO,1698422109
410,kapuskasing,49.4169,-82.4331,1.05,100,100,1.54,CA,1698422244
411,goundam,16.4145,-3.6708,38.64,5,19,2.75,ML,1698422245
412,slavyanka,42.8633,131.3847,6.13,42,16,3.65,RU,1698422245
413,ust'-ilimsk,58.0006,102.6619,-0.77,50,100,4.93,RU,1698422246
414,qarazhal,48.0078,70.7903,1.21,43,99,4.38,KZ,1698422246
415,murzuq,25.9155,13.9184,30.06,21,3,1.84,LY,1698422247
416,dosso,13.049,3.1937,36.58,13,100,2.37,NE,1698422247
417,hastings,50.8552,0.5729,13.86,33,47,7.1,GB,1698422225
418,collingwood,44.4834,-80.2164,19.85,91,81,7.35,CA,1698422249
419,kavaratti,10.5669,72.642,28.66,65,6,0.76,IN,1698422249
420,chui,-33.6971,-53.4616,20.47,46,15,2.91,UY,1698422250
421,praya,14.9215,-23.5087,32.3,55,75,9.26,CV,1698422250
422,kushiro,42.975,144.3747,11.18,84,99,2.18,JP,1698422203
423,mwene-ditu,-7.0,23.45,24.77,66,74,2.07,CD,1698422251
424,cill airne,52.05,-9.5167,12.03,87,75,3.6,IE,1698422252
425,funafuti,-8.5243,179.1942,27.0,26,100,4.63,TV,1698422252
426,essaouira,31.5125,-9.77,26.72,61,40,6.17,MA,1698422253
427,ta`u,-14.2336,-169.5144,26.17,83,78,9.21,AS,1698422254
428,nakamura,32.9833,132.9333,13.01,89,0,2.61,JP,1698422254
429,vila franca do campo,37.7167,-25.4333,21.05,99,90,6.18,PT,1698421966
430,cabedelo,-6.9811,-34.8339,30.37,63,50,5.44,BR,1698422120
431,chibougamau,49.9168,-74.3659,4.79,100,100,4.12,CA,1698422256
432,pico truncado,-46.7949,-67.9573,18.33,24,95,17.67,AR,1698422021
433,kachia,9.8667,7.95,30.41,39,4,0.87,NG,1698422257
434,bouarfa,32.53,-1.95,23.81,20,100,3.49,MA,1698422258
435,mermoz boabab,14.7065,-17.4758,36.31,49,0,6.17,SN,1698422258
436,cloverdale,38.8055,-123.0172,13.4,54,21,1.23,US,1698422259
437,dalnegorsk,44.5604,135.5701,4.22,64,100,2.24,RU,1698422259
438,mount pearl,47.5166,-52.7813,9.62,75,75,4.12,CA,1698422215
439,puerto ayacucho,5.6639,-67.6236,31.56,61,98,1.89,VE,1698422261
440,choele choel,-39.2667,-65.6833,26.88,11,3,12.62,AR,1698422262
441,alesund,62.4723,6.1549,6.53,76,0,5.14,NO,1698422262
442,los andes,-32.8337,-70.5983,18.68,45,0,4.37,CL,1698422263
443,santo antonio do ica,-3.1022,-67.9397,28.37,77,100,1.23,BR,1698422263
444,chingirlau,51.095,54.0814,1.04,87,100,7.57,KZ,1698422264
445,odesskoye,54.2111,72.9651,-4.22,75,1,3.72,RU,1698422265
446,nuevitas,21.5453,-77.2644,28.8,51,1,6.48,CU,1698422266
447,sovetskaya gavan',48.9723,140.2878,3.95,45,76,3.3,RU,1698422267
448,tofol,5.3248,163.0078,28.66,69,78,3.17,FM,1698422268
449,parral,26.9333,-105.6667,21.28,29,0,1.43,MX,1698422053
450,mendeleyevsk,55.9082,52.2905,-3.42,83,100,4.25,RU,1698422269
451,la gi,10.6667,107.7833,26.0,84,22,2.32,VN,1698422270
452,thunder bay,48.4001,-89.3168,2.99,100,100,2.06,CA,1698422157
453,bela,25.9333,81.9833,23.8,30,1,1.18,IN,1698422271
454,smara,26.7384,-11.6719,28.73,33,4,7.19,EH,1698422271
455,smithers,54.7804,-127.1743,-10.82,92,20,1.03,CA,1698421817
456,xilin hot,43.9667,116.0333,7.2,39,4,2.97,CN,1698422272
457,beira,-19.8436,34.8389,27.05,83,0,5.36,MZ,1698422273
458,as sulayyil,20.4607,45.5779,29.14,40,100,5.25,SA,1698422273
459,skhira,34.2992,10.07,30.82,26,1,5.91,TN,1698422274
460,mamuju,-2.6748,118.8885,25.68,85,17,1.72,ID,1698422274
461,serdar,38.9764,56.2757,23.84,36,83,3.08,TM,1698422275
462,cootamundra,-34.65,148.0333,8.86,91,1,4.34,AU,1698422275
463,amparafaravola,-17.5833,48.2167,21.6,84,73,2.55,MG,1698422276
464,kruisfontein,-34.0033,24.7314,15.84,83,96,8.07,ZA,1698422276
465,melilla,35.2937,-2.9383,22.11,64,20,7.2,ES,1698422277
466,sittwe,20.15,92.9,25.9,82,89,3.23,MM,1698422278
467,sao jose,-28.2333,-49.1667,24.7,56,63,2.27,BR,1698422041
468,sedhiou,12.7081,-15.5569,34.58,44,39,1.43,SN,1698422279
469,zouerate,22.7187,-12.4521,32.88,19,0,2.28,MR,1698422279
470,tindouf,27.6711,-8.1474,32.25,12,0,6.69,DZ,1698422280
471,revda,56.801,59.9303,-10.89,97,32,1.39,RU,1698422280
472,rongelap,11.1635,166.8941,27.44,78,44,3.62,MH,1698422281
473,crane,31.3974,-102.3501,21.82,82,63,5.71,US,1698422281
474,dakhla,23.6848,-15.958,24.01,64,0,8.75,EH,1698422282
475,colotlan,22.1,-103.2667,22.78,55,57,1.11,MX,1698422282
476,kailua-kona,19.6406,-155.9956,27.0,81,0,3.13,US,1698422283
477,pechora,65.1472,57.2244,-8.97,93,33,1.79,RU,1698422283
478,masterton,-40.9597,175.6575,2.16,95,13,0.76,NZ,1698422284
479,porto seguro,-16.4497,-39.0647,25.29,94,100,1.54,BR,1698422285
480,acapulco de juarez,16.8634,-99.8901,28.28,73,100,1.85,MX,1698422285
481,yeraliyev,43.2,51.65,19.08,64,100,4.49,KZ,1698422286
482,saipan,15.1355,145.701,26.39,100,75,3.09,MP,1698422286
483,tanumah,27.1,44.1333,26.76,34,12,5.47,SA,1698422287
484,nagqu,31.5,92.0,-3.3,72,100,1.39,CN,1698422288
485,wynyard,-41.0,145.7167,10.78,72,95,5.66,AU,1698422289
486,faya-largeau,17.9257,19.1043,33.58,12,0,3.31,TD,1698422289
487,krasnozerskoye,53.9828,79.2374,-2.47,52,9,4.08,RU,1698422290
488,novoazovs'k,47.1139,38.086,14.5,89,87,5.64,UA,1698422290
489,makaha,21.4694,-158.2175,23.54,88,0,2.06,US,1698422291
490,mahdalynivka,48.921,34.9156,14.37,70,89,2.26,UA,1698422292
491,geraldton,-28.7667,114.6,15.23,67,0,6.69,AU,1698422292
492,qamdo,31.1667,97.2333,-1.82,65,62,0.98,CN,1698422293
493,kourou,5.1552,-52.6478,32.03,59,19,4.28,GF,1698422293
494,igarka,67.4667,86.5833,-9.68,90,100,6.04,RU,1698422294
495,ghat,24.9647,10.1728,32.16,14,100,1.85,LY,1698422294
496,sandnessjoen,66.0217,12.6316,1.06,86,75,2.57,NO,1698422295
497,belmonte,-15.8631,-38.8828,28.81,68,88,4.76,BR,1698422295
498,crescent city,41.756,-124.2018,8.84,92,0,3.09,US,1698422296
499,luena,-11.7833,19.9167,30.1,39,20,4.12,AO,1698422296
500,glen innes,-29.7333,151.7333,5.76,78,3,5.1,AU,1698422297
501,zhangye,38.9342,100.4517,10.17,23,0,1.73,CN,1698422297
502,undurkhaan,47.3194,110.6556,5.78,35,53,2.64,MN,1698422298
503,lanzhou,36.0564,103.7922,14.1,46,5,1.42,CN,1698422298
504,el nido,11.1858,119.3956,27.53,75,39,1.46,PH,1698422299
505,wuyishan,28.0047,117.8114,16.83,88,100,2.41,CN,1698422299
506,fuyu,45.1833,124.8167,4.47,28,0,1.6,CN,1698422300
507,nampula,-15.1165,39.2666,31.97,45,75,6.26,MZ,1698422300
508,namibe,-15.1961,12.1522,21.56,73,29,3.66,AO,1698422301
509,tippi,7.2,35.45,18.96,98,100,1.1,ET,1698422301
510,maumere,-8.6199,122.2111,25.98,75,22,1.23,ID,1698422302
511,kutum,14.2,24.6667,29.65,26,100,1.8,SD,1698422302
512,moreira sales,-24.0622,-53.0069,26.28,76,100,4.56,BR,1698422303
513,kingscliff,-28.2667,153.5667,16.54,82,40,5.14,AU,1698422303
514,rakops,-21.0167,24.3333,36.08,8,1,6.58,BW,1698422304
515,dzhetygara,52.1908,61.2006,-1.39,65,100,3.59,KZ,1698422304
516,umm kaddadah,13.6017,26.6876,31.97,35,91,5.6,SD,1698422305
517,mezhdurechenskiy,59.6,65.9333,-3.65,78,96,2.28,RU,1698422305
518,illela,13.7292,5.2975,36.51,10,100,0.84,NG,1698422306
519,hawkesbury,45.6001,-74.616,18.16,94,89,3.95,CA,1698422056
520,turpan,42.9333,89.1667,17.53,29,51,1.44,CN,1698422307
521,san patricio,28.017,-97.5169,30.48,68,83,5.3,US,1698422308
522,miracema do tocantins,-9.5618,-48.3967,40.14,22,61,1.19,BR,1698422308
523,kokomo,40.4864,-86.1336,23.34,75,75,8.75,US,1698422314
524,nova sintra,14.8667,-24.7167,25.26,75,77,7.57,CV,1698422315
525,sao joao da barra,-21.6403,-41.0511,24.05,90,100,3.55,BR,1698422315
526,i-n-salah,27.1935,2.4607,34.82,10,2,2.15,DZ,1698422316
527,midvagur,62.0511,-7.1939,8.46,61,75,5.14,FO,1698422316
528,grand falls-windsor,48.9332,-55.6649,8.61,67,93,1.24,CA,1698422165
529,pitimbu,-7.4706,-34.8086,30.33,62,40,5.42,BR,1698422317
530,flying fish cove,-10.4217,105.6791,25.82,83,40,6.69,CX,1698422317
531,maloye ganyushkino,46.6,49.2667,15.57,91,100,1.69,KZ,1698422318
532,ancud,-41.8697,-73.8203,10.28,91,100,10.15,CL,1698422318
533,manta,-0.95,-80.7333,26.88,74,75,3.6,EC,1698422319
534,valera,9.3178,-70.6036,27.13,81,96,2.15,VE,1698422319
535,catia la mar,10.6038,-67.0303,31.11,66,20,2.06,VE,1698422320
536,wuwei,37.9281,102.6414,11.71,33,8,1.88,CN,1698422320
537,loukhi,66.0764,33.0381,-2.74,73,100,2.13,RU,1698422321
538,anar darah,32.7587,61.654,23.73,26,14,1.36,AF,1698422322
539,sirajganj,24.45,89.7167,26.67,59,0,4.41,BD,1698422322
540,mangai,-4.05,19.5333,26.66,72,92,1.17,CD,1698422323
541,petauke,-14.2426,31.3253,27.52,41,42,1.31,ZM,1698422323
542,la passe,45.5549,-0.8967,15.13,74,31,10.48,FR,1698422324
543,urumqi,43.801,87.6005,8.53,57,0,3.0,CN,1698422325
544,maha sarakham,16.3333,103.6667,27.73,74,97,1.6,TH,1698422325
545,aripuana,-9.1667,-60.6333,32.76,46,100,2.14,BR,1698422326
546,chernyshevsk,52.5243,117.0174,2.55,51,100,1.07,RU,1698422326
547,berdigestyakh,62.0989,126.6992,-7.02,91,100,3.14,RU,1698422327
548,nadi,-17.8,177.4167,25.0,69,75,3.6,FJ,1698422327
549,borzya,50.3833,116.5167,2.7,43,98,3.02,RU,1698422328
550,fort bragg,35.139,-79.006,24.9,70,0,2.06,US,1698422328
551,soe,-9.8607,124.284,19.34,72,23,1.95,ID,1698422328
552,tamanrasset,22.785,5.5228,29.95,10,0,2.57,DZ,1698422329
553,harstad,68.799,16.5293,1.56,87,97,3.13,NO,1698422329
554,gornopravdinsk,60.05,69.9,-6.01,96,100,1.81,RU,1698422330
555,fort madison,40.6298,-91.3151,13.57,100,89,5.66,US,1698422331
556,tougue,11.4667,-11.6,29.28,43,100,1.89,GN,1698422331
557,la condamine,43.7344,7.4202,22.47,34,0,10.8,MC,1698422332
558,lionel town,17.8101,-77.2406,29.94,55,1,2.85,JM,1698422333
559,macas,-2.3167,-78.1167,27.86,65,75,1.03,EC,1698422334
560,sucua,-2.4667,-78.1667,28.41,65,75,1.03,EC,1698422334
561,lakatoro,-16.0999,167.4164,24.78,89,100,2.07,VU,1698422335
562,papao,-17.75,-149.55,22.82,82,100,3.41,PF,1698422336
563,palu,-0.8917,119.8707,24.14,94,63,1.59,ID,1698422336
